1,Safina Zulkarnain,(018) 052 2824,pkurniawan@example.net,3578
2,"Dt. Karna Budiman, S.E.I",+62 (00) 067-6448,winarnodono@example.com,6472
3,Sabrina Waskita,+62 (059) 365-2501,pangesturadika@example.org,3273
4,Maryadi Wijayanti,(052) 634-8336,xsaragih@example.net,7371
5,Patricia Waskita,+62-830-684-0235,luissantoso@example.com,3173
6,"Cakrajiya Saefullah, S.Ked",(0918) 301 9951,jayadiyuniar@example.com,5171
7,"T. Wawan Puspita, S.I.Kom",(0245) 040 2278,tarihoraneluh@example.org,3171
8,Kajen Saputra,+62-262-960-6859,pranowopaulin@example.org,3173
9,Kayla Yuniar,(0493) 577 7077,unajmudin@example.net,1371
10,Emas Nashiruddin,081 306 3559,csudiati@example.com,3273
11,Zelda Dabukke,+62 (0258) 541 1312,hmelani@example.net,3578
12,"Gambira Kusumo, S.Psi",+62-649-156-7102,bambangriyanti@example.com,1375
13,Jail Pudjiastuti,+62 (25) 191 6338,atma43@example.com,3175
14,Drs. Genta Nuraini,+62 (707) 259-9800,malarajata@example.org,6472
15,T. Wardaya Nasyiah,(022) 640-2782,makuta91@example.com,3171
16,Saka Januar,+62 (096) 683-1017,pranatawasita@example.net,3573
17,Sidiq Yolanda,0839759169,srahimah@example.org,3573
18,Gatra Napitupulu,(044) 975 7742,kusumokayla@example.org,1375
19,"Ir. Amalia Manullang, S.Psi",(0267) 710-8675,unjani81@example.net,6472
20,Prayoga Hassanah,+62 (0700) 951-8794,ayu17@example.net,3471
21,"Puti Uchita Pudjiastuti, S.H.",(005) 294-2277,irfanpranowo@example.com,3573
22,Jamalia Hidayanto,+62-503-743-7584,ajimanprakasa@example.net,3573
23,Dt. Lukita Puspita,+62 (037) 741-4440,mursitarahmawati@example.org,1371
24,Karman Januar,(0557) 198 5619,wsihombing@example.com,3172
25,Padmi Mulyani,+62-0534-376-0241,padmiwidiastuti@example.com,3172
26,Leo Pranowo,+62 (146) 435 5448,unggulyuniar@example.org,7371
27,Safina Natsir,+62 (014) 167 8338,imam60@example.org,7371
28,Qori Salahudin,+62 (0613) 445 1081,najmudinmustika@example.org,3172
29,Unggul Maulana,0825309838,qpudjiastuti@example.net,3471
30,Mumpuni Samosir,+62 (0013) 074-3652,bakda92@example.net,6472
31,Usyi Januar,+62 (10) 009 9348,tambawinda@example.org,6472
32,"T. Virman Irawan, S.Sos",+62-028-955-7658,pmandala@example.net,1371
33,Zelaya Mangunsong,+62 (072) 767 2294,uwacana@example.com,1375
34,"Ir. Himawan Simbolon, S.Kom",+62-95-741-6478,ajiminsusanti@example.net,3174
35,Eva Megantara,+62 (021) 004 9880,ulimarbun@example.net,6472
36,Kasusra Setiawan,+62 (423) 811 7152,simanjuntakkurnia@example.com,3174
37,Hj. Rahayu Hardiansyah,+62 (45) 575 7217,hardana18@example.org,1375
38,Ibrani Saefullah,+62 (0475) 183 3920,napitupululala@example.org,3172
39,Agnes Prasetyo,+62-0438-807-8352,jakapermata@example.org,3174
40,Balapati Aryani,+62 (0028) 057 1025,saputraoman@example.com,6471
41,Anita Tampubolon,0808702492,ghaliyati60@example.net,6471
42,Nadia Mangunsong,+62-009-163-4139,simbolonmariadi@example.com,3471
43,"Prayoga Usamah, M.Pd",(041) 478-5746,hanahalim@example.org,3174
44,Kasiran Marbun,(0553) 548-3945,padmahartati@example.org,3573
45,"Puti Malika Aryani, S.Kom",086 088 0989,hutama@example.net,3471
46,Dacin Habibi,+62 (0947) 206 2259,glaksmiwati@example.org,3273
47,"Anastasia Nasyidah, S.Ked",+62 (62) 143 2427,wulandariwaluyo@example.com,3171
48,"H. Asmadi Kusumo, M.Pd",+62 (0010) 450-6717,hsihotang@example.com,7371
49,Halima Budiman,+62 (001) 044 6166,oliva99@example.com,6472
50,Radit Januar,+62 (47) 565-7709,rajatamahmud@example.net,5171
