1,Tgk. Raisa Santoso,+62 (27) 935 9465,ulya82@example.net,5171
2,Kenari Siregar,+62 (165) 623 4554,uusada@example.com,7371
3,"Kajen Maryati, S.Ked",+62 (756) 978-5212,perkasajailani@example.org,5171
4,Hilda Purnawati,+62 (381) 877 0552,harjayahasanah@example.com,7371
5,Gaduh Wijaya,+62 (528) 019 0125,darmantoastuti@example.org,3578
6,Fitria Marpaung,+62-087-288-3418,ozyprasetya@example.org,1375
7,Kani Rajasa,081 631 6451,sitompuldevi@example.net,1375
8,"R.M. Timbul Tamba, M.Kom.",+62 (383) 867 0946,enapitupulu@example.org,1375
9,"Kenes Rahayu, S.H.",(084) 868 6522,janeprakasa@example.net,3171
10,Ayu Gunawan,+62-56-227-3890,karmabudiman@example.com,3578
11,Kenari Kuswandari,+62 (0500) 637 5780,umayamanullang@example.org,1371
12,Daniswara Mandala,+62-501-159-0081,danangpertiwi@example.org,1371
13,"Tgk. Elisa Prayoga, M.Kom.",0892256853,cahyanto46@example.org,3175
14,"Keisha Dongoran, S.I.Kom",+62 (74) 280-9736,oaryani@example.org,3174
15,Laila Hutagalung,+62 (025) 523 4652,uyainahmitra@example.net,3172
16,Oni Narpati,+62 (0711) 916-8683,vfarida@example.net,3172
17,Ina Sudiati,(0396) 806-3442,siregarnasrullah@example.org,3273
18,Raina Laksmiwati,+62 (651) 123 6741,gantar54@example.net,7371
19,Taufik Namaga,(0961) 205-0081,suartiniaurora@example.com,3173
20,Shakila Gunarto,+62 (523) 718 6274,onimulyani@example.com,7371
21,dr. Ida Susanti,+62 (97) 133 9732,darmajihalim@example.net,1375
22,Elvina Suartini,+62 (029) 118 8565,maryatinasim@example.net,3172
23,Septi Yulianti,+62 (65) 004 6462,kasusra51@example.com,6472
24,Farah Samosir,(057) 986 1337,ywulandari@example.net,6471
25,Karja Padmasari,(014) 945-7945,rajasaratna@example.net,3175
26,Maya Januar,+62 (83) 530 9698,lhakim@example.com,3174
27,Syahrini Nurdiyanti,+62-040-035-1162,zwibisono@example.org,3175
28,Yunita Farida,(075) 237 8135,jhutapea@example.net,3173
29,Drs. Ifa Widodo,+62-074-572-5306,mitrawahyuni@example.net,3471
30,Sabar Waskita,+62-22-424-9700,mulyono54@example.net,3273
31,Cemeti Firgantoro,+62-200-139-8286,najibmulyani@example.org,3471
32,R. Dian Maryadi,(068) 782 9834,jnainggolan@example.net,3471
33,Rini Palastri,087 310 2881,dimaskuswoyo@example.org,5171
34,Dt. Panca Prayoga,+62-67-215-7379,xadriansyah@example.org,3578
35,Kani Saptono,(069) 076-8185,capa91@example.org,3175
36,Ilyas Simanjuntak,+62-83-788-2158,nugrohoyance@example.com,3175
37,Kawaca Purnawati,081 117 5240,irsadsuryono@example.net,1371
38,Gawati Tamba,+62 (084) 609 4320,olga84@example.org,3171
39,Nadia Dongoran,+62 (0634) 350 5825,banawi69@example.org,6472
40,Ami Kusmawati,087 572 5076,ade24@example.com,3171
41,Liman Nababan,+62-38-069-0380,jbudiyanto@example.com,3471
42,Ir. Hani Prasetyo,0882829598,maryadimaryadi@example.org,3471
43,Puti Gina Namaga,(074) 718-2061,mwahyudin@example.org,3174
44,Vero Wulandari,+62 (89) 229-5996,irawansoleh@example.com,5171
45,"Ani Kusmawati, S.E.",085 495 7026,balamantrinasyidah@example.org,1371
46,Karen Utami,+62 (91) 344-5111,hilda63@example.net,3174
47,"Dt. Langgeng Nasyidah, S.I.Kom",0898582511,ibrahim71@example.org,3578
48,"Kardi Sihombing, S.Gz",+62 (064) 996 3898,cengkir70@example.org,3578
49,drg. Rahayu Rahimah,0821737508,tpermata@example.net,6472
50,Uchita Andriani,+62-0529-517-7691,hartakasihotang@example.net,3471
